family,setting,cv_pr_auc,cv_sd,secs
logistic,C=0.1,0.933141633181913,0.008600545732573205,0.2
logistic,C=1,0.9396200259908996,0.006402174401053977,0.2
logistic,C=10,0.9386892884210638,0.006940674986102701,0.2
random forest,min_leaf=1,0.9383452722149848,0.010247280317169611,2.8
random forest,min_leaf=3,0.9402215949743544,0.009939943490089757,2.5
random forest,min_leaf=5,0.9376617023587631,0.010806378825879804,2.5
xgboost,"depth=3, lr=0.05",0.9359240420685274,0.008357236705535172,0.4
xgboost,"depth=3, lr=0.1",0.9425401331037724,0.010323958209928884,0.6
xgboost,"depth=5, lr=0.05",0.9455645995469302,0.008187940204514566,0.5
xgboost,"depth=5, lr=0.1",0.9359170920003568,0.017301517167788712,0.4
